{
  "tag": "VQC-A",
  "vae_source": "VAE-A (167 features, WITH near-zero variance)",
  "best_seed": 42,
  "best_T": 0.3,
  "val_f1_pre_T": 0.861756215104003,
  "val_f1_post_T": 0.861756215104003,
  "test_f1_macro_raw": 0.6979650544599114,
  "test_f1_macro_scaled": 0.6979650544599114,
  "test_f1_macro_final": 0.6979650544599114,
  "f1_cls": {
    "NORMALL": 0.9666297765095002,
    "DoSD": 0.9344608070665934,
    "PROBE": 0.7744273024288957,
    "EXPLOIT": 0.6210354769494849,
    "MALWARE": 0.19327190912704706
  },
  "n_restarts": 2,
  "seeds": [
    42,
    123
  ],
  "n_quantum_params": 24,
  "n_classical_params": 1797,
  "hidden_dim": 128,
  "focal_gamma": 2.0,
  "n_train": 20000,
  "hybrid_counts": {
    "0": 8000,
    "1": 3000,
    "2": 3000,
    "3": 3000,
    "4": 3000
  },
  "class_weights": [
    1.0,
    2.6666667461395264,
    2.6666667461395264,
    2.6666667461395264,
    2.6666667461395264
  ]
}