{
  "model_name": "VAE-B",
  "input_dim": 140,
  "latent_dim": 8,
  "architecture": "140 -> 512 -> 256 -> 128 -> 8",
  "per_dim_mean": [
    1.2317012548446655,
    1.6772313117980957,
    1.4809383153915405,
    1.1140884160995483,
    1.2286598682403564,
    1.9580742120742798,
    1.2312493324279785,
    1.5053573846817017
  ],
  "per_dim_std": [
    0.5533778071403503,
    0.6499336361885071,
    0.5377423167228699,
    0.5321202874183655,
    0.6804945468902588,
    0.7575771808624268,
    0.5459341406822205,
    0.6432812213897705
  ],
  "per_dim_min": [
    8.151047126148114e-08,
    0.0006903058383613825,
    2.5796280169743113e-05,
    2.5965841889824537e-12,
    2.355584997892901e-11,
    4.8105564928846434e-05,
    2.5669009019041455e-12,
    0.0005065600853413343
  ],
  "per_dim_max": [
    3.138653516769409,
    3.1361091136932373,
    3.1415469646453857,
    3.137766122817993,
    3.14158296585083,
    3.1415913105010986,
    3.1364266872406006,
    3.140484094619751
  ],
  "class_centroids": {
    "NORMAL": [
      1.1078718900680542,
      1.7611461877822876,
      1.44499933719635,
      0.9739586114883423,
      0.9827964901924133,
      2.2985734939575195,
      1.0825732946395874,
      1.4310258626937866
    ],
    "DoSDDoS": [
      1.3064156770706177,
      1.1173964738845825,
      1.7427163124084473,
      1.1783727407455444,
      2.5682027339935303,
      0.5326120853424072,
      1.8241875171661377,
      1.482094407081604
    ],
    "PROBE": [
      1.8443832397460938,
      2.1411378383636475,
      1.369410514831543,
      1.789730429649353,
      0.4807889759540558,
      0.819785475730896,
      1.9624016284942627,
      2.325638771057129
    ],
    "EXPLOIT": [
      2.3312430381774902,
      1.402816891670227,
      1.3084968328475952,
      2.389110565185547,
      2.2144391536712646,
      1.5701687335968018,
      1.0482169389724731,
      1.8902909755706787
    ],
    "MALWARE": [
      2.0231516361236572,
      1.5326709747314453,
      2.020937442779541,
      2.2228293418884277,
      1.838889718055725,
      1.9610259532928467,
      1.9170430898666382,
      1.82374107837677
    ]
  },
  "min_class_distance": 1.3038780689239502,
  "min_class_pair": [
    "EXPLOIT",
    "MALWARE"
  ],
  "collapsed_dims": [],
  "z_train_shape": [
    2367588,
    8
  ],
  "z_test_shape": [
    573807,
    8
  ]
}