{
  "model_name": "VAE_A",
  "input_dim": 167,
  "latent_dim": 8,
  "smote_version": "v2",
  "class_weights_used": {
    "0": 0.26263988691572343,
    "1": 1.5220112438914475,
    "2": 3.174722666666667,
    "3": 5.01272,
    "4": 47.62084
  },
  "per_dim_mean": [
    1.5469199419021606,
    1.4599248170852661,
    1.8440468311309814,
    1.3501085042953491,
    1.8602901697158813,
    1.273393988609314,
    1.4407720565795898,
    0.858465313911438
  ],
  "per_dim_std": [
    0.7377570867538452,
    0.6753875613212585,
    0.685768723487854,
    0.7570563554763794,
    0.6792135238647461,
    0.6864868402481079,
    0.6583505868911743,
    0.7396031022071838
  ],
  "per_dim_min": [
    1.5698097044491988e-08,
    5.772118013183312e-18,
    3.8800843094044524e-10,
    7.416191146333514e-16,
    7.383237243629992e-05,
    4.6050057328091844e-26,
    1.635660623833246e-06,
    5.891431825724673e-37
  ],
  "per_dim_max": [
    3.1415908336639404,
    3.1413915157318115,
    3.1415927410125732,
    3.1415915489196777,
    3.1415882110595703,
    3.141383647918701,
    3.134791135787964,
    3.132784366607666
  ],
  "class_centroids": {
    "NORMAL": [
      1.6734519004821777,
      1.4141968488693237,
      1.997259259223938,
      1.0906058549880981,
      1.9111855030059814,
      1.3620991706848145,
      1.3992646932601929,
      0.49198001623153687
    ],
    "DoSDDoS": [
      0.43599215149879456,
      2.176699161529541,
      1.6881258487701416,
      2.330871820449829,
      2.1337478160858154,
      0.7003283500671387,
      1.4576140642166138,
      2.17165470123291
    ],
    "PROBE": [
      2.6317858695983887,
      0.8664265871047974,
      1.1076252460479736,
      2.5867059230804443,
      0.7328034043312073,
      0.7926890850067139,
      1.7745507955551147,
      1.487022876739502
    ],
    "EXPLOIT": [
      1.02921724319458,
      0.8209089636802673,
      0.5827077031135559,
      1.1081020832061768,
      1.8403667211532593,
      2.0863699913024902,
      1.6018726825714111,
      2.3806521892547607
    ],
    "MALWARE": [
      2.008681535720825,
      2.297776460647583,
      1.9716523885726929,
      1.4659755229949951,
      1.1777055263519287,
      2.607193946838379,
      1.902651309967041,
      2.3317909240722656
    ]
  },
  "min_class_dist": 2.44968581199646,
  "min_class_pair": [
    "EXPLOIT",
    "MALWARE"
  ],
  "collapsed_dims": [],
  "z_train_shape": [
    2381042,
    8
  ],
  "z_test_shape": [
    573807,
    8
  ],
  "timestamp": "2026-03-20T07:47:24.275667"
}