{
  "model_name": "VAE_B",
  "input_dim": 140,
  "latent_dim": 8,
  "smote_version": "v2",
  "class_weights_used": {
    "0": 0.26263988691572343,
    "1": 1.5220112438914475,
    "2": 3.174722666666667,
    "3": 5.01272,
    "4": 47.62084
  },
  "per_dim_mean": [
    2.140740156173706,
    1.4677156209945679,
    1.6679784059524536,
    1.5743234157562256,
    2.132742404937744,
    1.4763582944869995,
    1.7279860973358154,
    1.0290286540985107
  ],
  "per_dim_std": [
    0.619891345500946,
    0.7322462797164917,
    0.6727544069290161,
    0.717063307762146,
    0.7432225346565247,
    0.6788773536682129,
    0.6790621876716614,
    0.6117357015609741
  ],
  "per_dim_min": [
    0.015338738448917866,
    0.00011010878370143473,
    0.0003616248432081193,
    2.8715866490225395e-12,
    0.0010050032287836075,
    3.059706307761978e-11,
    4.880478599034177e-08,
    4.973432347103308e-24
  ],
  "per_dim_max": [
    3.1415927410125732,
    3.1415774822235107,
    3.1415927410125732,
    3.141592264175415,
    3.1415927410125732,
    3.1415927410125732,
    3.1415927410125732,
    3.1405725479125977
  ],
  "class_centroids": {
    "NORMAL": [
      2.322848320007324,
      1.3435012102127075,
      1.7080317735671997,
      1.727122187614441,
      2.455962896347046,
      1.3119264841079712,
      1.5704957246780396,
      0.8830773830413818
    ],
    "DoSDDoS": [
      1.9123448133468628,
      2.0760791301727295,
      0.8849341869354248,
      0.6696763038635254,
      0.6481412053108215,
      1.9656658172607422,
      2.525674343109131,
      0.9805257320404053
    ],
    "PROBE": [
      0.9663423895835876,
      1.6322660446166992,
      2.3688833713531494,
      2.1301655769348145,
      2.1648616790771484,
      2.667185068130493,
      2.2586514949798584,
      2.0725443363189697
    ],
    "EXPLOIT": [
      1.4043575525283813,
      1.5387685298919678,
      2.4371187686920166,
      0.6977663636207581,
      0.9367614388465881,
      1.1566392183303833,
      1.3660117387771606,
      2.225151538848877
    ],
    "MALWARE": [
      0.8792388439178467,
      1.8120288848876953,
      1.0852843523025513,
      2.1637871265411377,
      0.8580924868583679,
      1.1559029817581177,
      0.8041427135467529,
      1.9940447807312012
    ]
  },
  "min_class_dist": 2.168499708175659,
  "min_class_pair": [
    "EXPLOIT",
    "MALWARE"
  ],
  "collapsed_dims": [],
  "z_train_shape": [
    2381042,
    8
  ],
  "z_test_shape": [
    573807,
    8
  ],
  "timestamp": "2026-03-20T07:15:32.772352"
}