{
  "model_name": "VAE-A",
  "input_dim": 167,
  "latent_dim": 8,
  "architecture": "167 -> 512 -> 256 -> 128 -> 8",
  "near_zero_variance": "INCLUDED (167 features)",
  "per_dim_mean": [
    1.5732331275939941,
    1.9977413415908813,
    1.6246600151062012,
    1.9460653066635132,
    1.7652453184127808,
    1.320650577545166,
    1.1851869821548462,
    1.5444949865341187
  ],
  "per_dim_std": [
    0.6287883520126343,
    0.6882156133651733,
    0.6536300182342529,
    0.5683705806732178,
    0.5658802390098572,
    0.576180100440979,
    0.66806560754776,
    0.5983347296714783
  ],
  "per_dim_min": [
    0.0016214922070503235,
    0.0011433991603553295,
    0.00033569539664313197,
    5.0870885388576426e-06,
    0.0023123088758438826,
    8.226513003792291e-13,
    1.5735409665800643e-13,
    0.0004672583017963916
  ],
  "per_dim_max": [
    3.1401784420013428,
    3.1415927410125732,
    3.1139628887176514,
    3.1415927410125732,
    3.1415677070617676,
    3.1415913105010986,
    3.1415627002716064,
    3.1411774158477783
  ],
  "class_centroids": {
    "NORMAL": [
      1.6073895692825317,
      2.298025608062744,
      1.7177785634994507,
      2.065474271774292,
      1.7444753646850586,
      1.2305001020431519,
      0.9055038690567017,
      1.6265177726745605
    ],
    "DoSDDoS": [
      1.464763879776001,
      0.702858567237854,
      1.0863703489303589,
      2.113093614578247,
      2.349074125289917,
      1.7739195823669434,
      2.3443186283111572,
      0.9539706110954285
    ],
    "PROBE": [
      1.409521222114563,
      1.1303128004074097,
      1.6539667844772339,
      0.6607904434204102,
      0.9151170253753662,
      0.3582873046398163,
      1.2971909046173096,
      1.3307634592056274
    ],
    "EXPLOIT": [
      1.463308334350586,
      1.785919189453125,
      1.5540552139282227,
      0.9331527948379517,
      1.5280210971832275,
      2.343963861465454,
      2.4134528636932373,
      2.1280007362365723
    ],
    "MALWARE": [
      1.656429648399353,
      1.3160593509674072,
      1.7537312507629395,
      1.2387675046920776,
      0.87691330909729,
      2.5792746543884277,
      1.5275850296020508,
      1.6486098766326904
    ]
  },
  "min_class_distance": 1.373034954071045,
  "min_class_pair": [
    "EXPLOIT",
    "MALWARE"
  ],
  "collapsed_dims": [],
  "z_train_shape": [
    2367588,
    8
  ],
  "z_test_shape": [
    573807,
    8
  ]
}